STATION,NAME,DATE,AWND,PRCP,SNOW,SNWD,TAVG,TMAX,TMIN,WDF2,WDF5,WSF2,WSF5,WT01,WT02,WT03,WT04,WT05,WT06,WT08,WT09
USW00094846,"CHICAGO OHARE INTERNATIONAL AIRPORT, IL US",1/1/2019,7.61,0.01,0.1,0,31,34,26,20,360,16.1,21,1,,,,1,,,
USW00094846,"CHICAGO OHARE INTERNATIONAL AIRPORT, IL US",1/2/2019,8.72,0.01,0.1,0,28,30,26,260,240,19.9,29.1,1,,,,,1,,
USW00094846,"CHICAGO OHARE INTERNATIONAL AIRPORT, IL US",1/3/2019,11.63,0,0,0,29,38,24,220,210,17,27.1,,,,,,,,
USW00094846,"CHICAGO OHARE INTERNATIONAL AIRPORT, IL US",1/4/2019,8.05,0,0,0,37,48,31,210,230,14.1,19.9,,,,,,,,
USW00094846,"CHICAGO OHARE INTERNATIONAL AIRPORT, IL US",1/5/2019,8.28,0,0,0,39,52,32,250,250,18.1,23.9,,,,,,,,
USW00094846,"CHICAGO OHARE INTERNATIONAL AIRPORT, IL US",1/6/2019,11.63,0,0,0,38,40,30,110,120,21.9,29.1,,,,,,,,
USW00094846,"CHICAGO OHARE INTERNATIONAL AIRPORT, IL US",1/7/2019,15.66,0.44,0,0,44,53,40,200,210,25.1,36.9,1,,,,,,,
USW00094846,"CHICAGO OHARE INTERNATIONAL AIRPORT, IL US",1/8/2019,14.54,0,0,0,41,45,24,270,260,32,49,1,,,,,,,
USW00094846,"CHICAGO OHARE INTERNATIONAL AIRPORT, IL US",1/9/2019,13.65,0,0,0,23,24,15,310,300,23,33.1,,,,,,,,
USW00094846,"CHICAGO OHARE INTERNATIONAL AIRPORT, IL US",1/10/2019,4.47,0,0,0,18,24,14,330,320,14.1,19,,,,,,,,
USW00094846,"CHICAGO OHARE INTERNATIONAL AIRPORT, IL US",1/11/2019,4.92,0,0,0,23,30,17,180,170,13,19,,,,,,,,
USW00094846,"CHICAGO OHARE INTERNATIONAL AIRPORT, IL US",1/12/2019,11.41,0.12,2.2,0,30,32,29,70,70,21,30,1,,,,,,1,
USW00094846,"CHICAGO OHARE INTERNATIONAL AIRPORT, IL US",1/13/2019,12.53,0.01,0.3,2,30,31,25,20,50,19.9,25.9,1,,,,,,,
USW00094846,"CHICAGO OHARE INTERNATIONAL AIRPORT, IL US",1/14/2019,8.28,0,0,2,25,27,23,250,230,14.1,19.9,1,,,,,1,1,
USW00094846,"CHICAGO OHARE INTERNATIONAL AIRPORT, IL US",1/15/2019,11.18,0,0,1.2,26,32,24,220,220,21,31.1,1,,,,,1,,
USW00094846,"CHICAGO OHARE INTERNATIONAL AIRPORT, IL US",1/16/2019,9.4,0,0,1.2,31,34,28,30,40,16.1,21,,,,,,1,,
USW00094846,"CHICAGO OHARE INTERNATIONAL AIRPORT, IL US",1/17/2019,5.59,0,0,0,30,35,28,300,300,12.1,14.1,1,,,,,,1,
USW00094846,"CHICAGO OHARE INTERNATIONAL AIRPORT, IL US",1/18/2019,10.51,0.12,1.3,0,30,31,27,60,50,19.9,25.9,1,,,,,,,
USW00094846,"CHICAGO OHARE INTERNATIONAL AIRPORT, IL US",1/19/2019,20.13,0.18,3.7,3.9,26,28,11,20,20,31.1,38.9,1,,,,,,,1
USW00094846,"CHICAGO OHARE INTERNATIONAL AIRPORT, IL US",1/20/2019,13.42,0,0,5.1,12,14,4,350,330,21,28,,,,,,,,
USW00094846,"CHICAGO OHARE INTERNATIONAL AIRPORT, IL US",1/21/2019,8.5,0,0.1,5.1,9,17,3,140,120,17,23,1,,,,,,1,
USW00094846,"CHICAGO OHARE INTERNATIONAL AIRPORT, IL US",1/22/2019,9.4,0.18,0.5,5.1,19,33,13,170,160,19.9,29.1,1,,,1,,1,,
USW00094846,"CHICAGO OHARE INTERNATIONAL AIRPORT, IL US",1/23/2019,9.84,0.22,1,3.9,29,34,19,300,280,17,23.9,1,1,,,,1,,
USW00094846,"CHICAGO OHARE INTERNATIONAL AIRPORT, IL US",1/24/2019,11.63,0,0.4,5.1,17,22,2,270,280,23.9,35.1,1,,,,,,1,
USW00094846,"CHICAGO OHARE INTERNATIONAL AIRPORT, IL US",1/25/2019,9.4,0.03,0.7,5.1,1,5,-6,280,270,18.1,27.1,1,,,,,,,
USW00094846,"CHICAGO OHARE INTERNATIONAL AIRPORT, IL US",1/26/2019,5.82,0.06,1.7,7.1,2,12,-7,280,210,14.1,19,1,,,,,,,
USW00094846,"CHICAGO OHARE INTERNATIONAL AIRPORT, IL US",1/27/2019,6.93,0,0,7.1,4,11,-5,130,120,15,19,,,,,,,,
USW00094846,"CHICAGO OHARE INTERNATIONAL AIRPORT, IL US",1/28/2019,12.75,0.53,5,9.1,18,34,8,300,290,25.9,35.1,1,,,,,1,1,1
USW00094846,"CHICAGO OHARE INTERNATIONAL AIRPORT, IL US",1/29/2019,14.54,0,0.3,9.8,6,10,-10,260,250,29.1,44.1,1,,,,,,1,1
USW00094846,"CHICAGO OHARE INTERNATIONAL AIRPORT, IL US",1/30/2019,15.21,0,0,7.9,-15,-10,-23,260,250,23.9,36.9,,,,,,,,
USW00094846,"CHICAGO OHARE INTERNATIONAL AIRPORT, IL US",1/31/2019,6.26,0.05,0.8,7.9,-15,1,-21,260,240,13,19.9,1,,,,,,1,
USW00094846,"CHICAGO OHARE INTERNATIONAL AIRPORT, IL US",2/1/2019,5.14,0.02,0.9,9.1,7,21,1,190,180,12.1,15,1,,,,,,1,
USW00094846,"CHICAGO OHARE INTERNATIONAL AIRPORT, IL US",2/2/2019,11.18,0,0,9.1,26,42,14,210,200,17,25.9,1,,,,,,1,
USW00094846,"CHICAGO OHARE INTERNATIONAL AIRPORT, IL US",2/3/2019,10.07,0,0,3.9,42,48,39,210,200,18.1,27.1,1,,,,,,,
USW00094846,"CHICAGO OHARE INTERNATIONAL AIRPORT, IL US",2/4/2019,11.41,0.05,0,0,47,51,30,280,240,18.1,28,1,,,,,,,
USW00094846,"CHICAGO OHARE INTERNATIONAL AIRPORT, IL US",2/5/2019,9.4,0.31,0,0,29,33,24,70,70,18.1,25.9,1,,,,,1,,
USW00094846,"CHICAGO OHARE INTERNATIONAL AIRPORT, IL US",2/6/2019,8.5,0.01,0,0,33,36,32,30,70,17,21.9,1,1,,,,,,
USW00094846,"CHICAGO OHARE INTERNATIONAL AIRPORT, IL US",2/7/2019,12.97,0.71,0,0,36,44,10,260,240,33.1,51,1,,1,,,,,
USW00094846,"CHICAGO OHARE INTERNATIONAL AIRPORT, IL US",2/8/2019,17.67,0,0,0,11,13,4,250,250,33.1,48.1,,,,,,,,1
USW00094846,"CHICAGO OHARE INTERNATIONAL AIRPORT, IL US",2/9/2019,5.82,0,0,0,12,24,4,140,140,13,17,,,,,,,,
USW00094846,"CHICAGO OHARE INTERNATIONAL AIRPORT, IL US",2/10/2019,6.93,0.04,0.7,0,23,28,22,110,100,13,16.1,1,,,,,,1,
USW00094846,"CHICAGO OHARE INTERNATIONAL AIRPORT, IL US",2/11/2019,12.3,0.19,0.1,1.2,28,31,27,70,100,21.9,32,1,,,1,,1,,
USW00094846,"CHICAGO OHARE INTERNATIONAL AIRPORT, IL US",2/12/2019,13.65,0.35,1.5,1.2,32,34,19,250,250,28,42.1,1,,,,,1,,1
USW00094846,"CHICAGO OHARE INTERNATIONAL AIRPORT, IL US",2/13/2019,12.75,0.01,0.6,2,18,27,10,260,260,28,42.1,1,,,,,,,1
USW00094846,"CHICAGO OHARE INTERNATIONAL AIRPORT, IL US",2/14/2019,10.51,0,0,1.2,36,50,27,280,270,21.9,33.1,,,,,,,1,
USW00094846,"CHICAGO OHARE INTERNATIONAL AIRPORT, IL US",2/15/2019,12.53,0,0,0,23,32,8,270,270,23.9,35.1,,,,,,,1,
USW00094846,"CHICAGO OHARE INTERNATIONAL AIRPORT, IL US",2/16/2019,8.95,0,0,0,19,29,13,90,100,19.9,25.9,,,,,,,,
USW00094846,"CHICAGO OHARE INTERNATIONAL AIRPORT, IL US",2/17/2019,11.18,0.2,3.1,0,25,27,24,120,90,18.1,23.9,1,1,,,,1,1,
USW00094846,"CHICAGO OHARE INTERNATIONAL AIRPORT, IL US",2/18/2019,7.61,0.06,1.8,3.9,25,31,18,350,350,15,19,1,,,,,,,
USW00094846,"CHICAGO OHARE INTERNATIONAL AIRPORT, IL US",2/19/2019,4.7,0,0,3.1,22,35,12,90,100,13,16.1,,,,,,,,
USW00094846,"CHICAGO OHARE INTERNATIONAL AIRPORT, IL US",2/20/2019,13.87,0.09,0.2,2,31,38,28,240,250,23.9,34,1,,,,,1,,
USW00094846,"CHICAGO OHARE INTERNATIONAL AIRPORT, IL US",2/21/2019,10.74,0,0,1.2,31,35,24,240,250,23.9,33.1,,,,,,,,
USW00094846,"CHICAGO OHARE INTERNATIONAL AIRPORT, IL US",2/22/2019,7.61,0,0,0,29,41,19,70,70,13,17,,,,,,,1,
USW00094846,"CHICAGO OHARE INTERNATIONAL AIRPORT, IL US",2/23/2019,10.29,0.75,0,0,36,53,34,240,230,21,32,1,1,1,,,,1,
USW00094846,"CHICAGO OHARE INTERNATIONAL AIRPORT, IL US",2/24/2019,24.38,0.02,0,0,37,50,10,260,260,38.9,59.9,,,,,,,,
USW00094846,"CHICAGO OHARE INTERNATIONAL AIRPORT, IL US",2/25/2019,10.51,0,0,0,12,19,6,270,280,29.1,42.9,,,,,,,,
USW00094846,"CHICAGO OHARE INTERNATIONAL AIRPORT, IL US",2/26/2019,12.53,0,0.1,0,17,23,13,40,90,19.9,23.9,1,,,,,,,
USW00094846,"CHICAGO OHARE INTERNATIONAL AIRPORT, IL US",2/27/2019,10.07,0,0,0,25,30,14,320,300,18.1,25.9,1,,,,,,1,
USW00094846,"CHICAGO OHARE INTERNATIONAL AIRPORT, IL US",2/28/2019,4.47,0,0,0,18,27,11,360,320,12.1,16.1,,,,,,,,
USW00094846,"CHICAGO OHARE INTERNATIONAL AIRPORT, IL US",3/1/2019,5.82,0,0,0,27,34,23,50,50,12.1,16.1,,,,,,,,
USW00094846,"CHICAGO OHARE INTERNATIONAL AIRPORT, IL US",3/2/2019,8.5,0,0,0,29,33,25,350,360,16.1,21,1,,,,,,,
USW00094846,"CHICAGO OHARE INTERNATIONAL AIRPORT, IL US",3/3/2019,12.08,0,0,0,22,25,3,350,300,19.9,25.1,,,,,,,,
USW00094846,"CHICAGO OHARE INTERNATIONAL AIRPORT, IL US",3/4/2019,14.99,0,0,0,5,12,-3,250,230,21.9,33.1,,,,,,,1,
USW00094846,"CHICAGO OHARE INTERNATIONAL AIRPORT, IL US",3/5/2019,15.43,0,0.2,0,12,21,8,290,270,23,33.1,,,,,,,1,
USW00094846,"CHICAGO OHARE INTERNATIONAL AIRPORT, IL US",3/6/2019,11.86,0,0,0,16,30,9,260,260,21.9,33.1,,,,,,,1,
USW00094846,"CHICAGO OHARE INTERNATIONAL AIRPORT, IL US",3/7/2019,6.04,0,0,0,23,28,14,320,70,13,18.1,,,,,,,,
USW00094846,"CHICAGO OHARE INTERNATIONAL AIRPORT, IL US",3/8/2019,5.37,0,0.1,0,28,39,21,80,80,10.1,14.1,1,,,,,,1,
USW00094846,"CHICAGO OHARE INTERNATIONAL AIRPORT, IL US",3/9/2019,14.09,0.56,0,0,33,43,26,250,230,29.1,42.1,1,,1,,,,1,
USW00094846,"CHICAGO OHARE INTERNATIONAL AIRPORT, IL US",3/10/2019,19.69,0,0,0,37,38,29,250,250,31.1,48.1,1,,,,,,,
USW00094846,"CHICAGO OHARE INTERNATIONAL AIRPORT, IL US",3/11/2019,9.62,0,0,0,32,41,27,280,270,16.1,27.1,,,,,,,,
USW00094846,"CHICAGO OHARE INTERNATIONAL AIRPORT, IL US",3/12/2019,9.17,0,0,0,35,49,24,180,180,21,30,,,,,,,,
USW00094846,"CHICAGO OHARE INTERNATIONAL AIRPORT, IL US",3/13/2019,11.86,0.54,0,0,45,58,40,150,140,25.1,38.9,1,,,,,,,
USW00094846,"CHICAGO OHARE INTERNATIONAL AIRPORT, IL US",3/14/2019,20.36,0.4,0,0,55,62,39,240,220,40.9,59.9,1,,1,,,,,
USW00094846,"CHICAGO OHARE INTERNATIONAL AIRPORT, IL US",3/15/2019,14.99,0,0,0,38,40,32,240,230,25.1,38,1,,,,,,,
USW00094846,"CHICAGO OHARE INTERNATIONAL AIRPORT, IL US",3/16/2019,8.5,0,0,0,34,41,28,300,270,15,23,,,,,,,,
USW00094846,"CHICAGO OHARE INTERNATIONAL AIRPORT, IL US",3/17/2019,7.61,0,0,0,35,43,28,290,310,18.1,23.9,,,,,,,,
USW00094846,"CHICAGO OHARE INTERNATIONAL AIRPORT, IL US",3/18/2019,7.61,0,0,0,35,43,27,270,280,17,23,,,,,,,,
USW00094846,"CHICAGO OHARE INTERNATIONAL AIRPORT, IL US",3/19/2019,7.83,0,0,0,39,49,30,210,200,15,19.9,,,,,,,,
USW00094846,"CHICAGO OHARE INTERNATIONAL AIRPORT, IL US",3/20/2019,8.5,0.14,0,0,42,44,38,260,210,18.1,25.1,1,,,,,,,
USW00094846,"CHICAGO OHARE INTERNATIONAL AIRPORT, IL US",3/21/2019,11.18,0,0,0,40,45,36,350,270,17,23.9,1,,,,,,,
USW00094846,"CHICAGO OHARE INTERNATIONAL AIRPORT, IL US",3/22/2019,10.96,0,0,0,40,46,29,30,10,23.9,29.1,,,,,,,,
USW00094846,"CHICAGO OHARE INTERNATIONAL AIRPORT, IL US",3/23/2019,4.47,0,0,0,36,53,25,180,220,12.1,16.1,,,,,,,,
USW00094846,"CHICAGO OHARE INTERNATIONAL AIRPORT, IL US",3/24/2019,8.72,0.05,0,0,45,50,34,20,10,25.9,33.1,1,,,,,,,
USW00094846,"CHICAGO OHARE INTERNATIONAL AIRPORT, IL US",3/25/2019,17.45,0,0,0,36,42,26,20,50,28,35.1,,,,,,,,
USW00094846,"CHICAGO OHARE INTERNATIONAL AIRPORT, IL US",3/26/2019,4.92,0,0,0,35,48,23,100,110,13,17,,,,,,,,
USW00094846,"CHICAGO OHARE INTERNATIONAL AIRPORT, IL US",3/27/2019,12.08,0.01,0,0,42,59,29,190,180,21.9,36,,,1,,,,,
USW00094846,"CHICAGO OHARE INTERNATIONAL AIRPORT, IL US",3/28/2019,12.08,0,0,0,53,65,44,30,200,19.9,28,,,,,,,,
USW00094846,"CHICAGO OHARE INTERNATIONAL AIRPORT, IL US",3/29/2019,8.5,0.32,0,0,47,57,37,20,30,16.1,19,1,,,,,,,
USW00094846,"CHICAGO OHARE INTERNATIONAL AIRPORT, IL US",3/30/2019,12.97,0.07,0,0,40,45,29,20,20,28,36,1,,,,,,,
USW00094846,"CHICAGO OHARE INTERNATIONAL AIRPORT, IL US",3/31/2019,11.41,0,0,0,31,40,23,340,330,21,30,,,,,,,,
USW00094846,"CHICAGO OHARE INTERNATIONAL AIRPORT, IL US",4/1/2019,12.75,0,0,0,35,49,26,200,210,23.9,36.9,,,,,,,,
USW00094846,"CHICAGO OHARE INTERNATIONAL AIRPORT, IL US",4/2/2019,14.09,0,0,0,45,55,39,240,250,25.1,35.1,,,,,,,1,
USW00094846,"CHICAGO OHARE INTERNATIONAL AIRPORT, IL US",4/3/2019,9.4,0,0,0,45,58,37,260,240,19.9,28,,,,,,,,
USW00094846,"CHICAGO OHARE INTERNATIONAL AIRPORT, IL US",4/4/2019,9.84,0.25,0,0,46,47,39,80,80,18.1,25.1,1,,,,,,,
USW00094846,"CHICAGO OHARE INTERNATIONAL AIRPORT, IL US",4/5/2019,3.58,0,0,0,44,57,39,110,120,10.1,14.1,1,,,,,,1,
USW00094846,"CHICAGO OHARE INTERNATIONAL AIRPORT, IL US",4/6/2019,4.92,0,0,0,52,66,39,70,80,16.1,19.9,1,,,,,,1,
USW00094846,"CHICAGO OHARE INTERNATIONAL AIRPORT, IL US",4/7/2019,8.28,0.39,0,0,56,67,51,270,270,23,38.9,1,,1,,,,,
USW00094846,"CHICAGO OHARE INTERNATIONAL AIRPORT, IL US",4/8/2019,8.5,0,0,0,61,73,52,330,330,19.9,28,,,,,,,,
USW00094846,"CHICAGO OHARE INTERNATIONAL AIRPORT, IL US",4/9/2019,11.86,0,0,0,60,66,39,20,20,33.1,40,,,,,,,,
USW00094846,"CHICAGO OHARE INTERNATIONAL AIRPORT, IL US",4/10/2019,17.9,0.13,0,0,40,39,34,80,60,28,38.9,1,,,1,,,,
USW00094846,"CHICAGO OHARE INTERNATIONAL AIRPORT, IL US",4/11/2019,16.11,0.28,0,0,42,56,37,80,60,25.1,38,1,,1,,,,,
USW00094846,"CHICAGO OHARE INTERNATIONAL AIRPORT, IL US",4/12/2019,16.55,0.07,0,0,48,51,38,220,230,31.1,46.1,1,,,,,,,
USW00094846,"CHICAGO OHARE INTERNATIONAL AIRPORT, IL US",4/13/2019,12.3,0,0,0,42,52,35,260,280,21.9,31.1,,,,,,,,
USW00094846,"CHICAGO OHARE INTERNATIONAL AIRPORT, IL US",4/14/2019,18.12,0.69,5.4,0,37,39,32,20,20,31.1,40.9,1,1,,,,,,
USW00094846,"CHICAGO OHARE INTERNATIONAL AIRPORT, IL US",4/15/2019,8.28,0,0,3.1,38,52,31,210,330,16.1,23.9,1,,,,,,,
USW00094846,"CHICAGO OHARE INTERNATIONAL AIRPORT, IL US",4/16/2019,10.29,0,0,0,56,73,45,30,220,21,25.1,,,,,,,,
USW00094846,"CHICAGO OHARE INTERNATIONAL AIRPORT, IL US",4/17/2019,12.08,0,0,0,55,77,44,200,210,23.9,36,1,,,,,,1,
USW00094846,"CHICAGO OHARE INTERNATIONAL AIRPORT, IL US",4/18/2019,12.08,0.31,0,0,58,65,44,330,220,21,28,1,,,,,,,
USW00094846,"CHICAGO OHARE INTERNATIONAL AIRPORT, IL US",4/19/2019,25.95,0,0,0,45,51,41,20,360,36.9,49,,,,,,,,
USW00094846,"CHICAGO OHARE INTERNATIONAL AIRPORT, IL US",4/20/2019,13.87,0,0,0,49,64,36,30,30,30,38.9,,,,,,,,
USW00094846,"CHICAGO OHARE INTERNATIONAL AIRPORT, IL US",4/21/2019,8.72,0,0,0,58,77,44,160,170,19.9,27.1,,,,,,,,
USW00094846,"CHICAGO OHARE INTERNATIONAL AIRPORT, IL US",4/22/2019,13.2,0.02,0,0,68,80,58,200,180,25.1,36,,,1,,,,,
USW00094846,"CHICAGO OHARE INTERNATIONAL AIRPORT, IL US",4/23/2019,8.95,0,0,0,59,65,49,310,270,21,29.1,1,,,,,,,
USW00094846,"CHICAGO OHARE INTERNATIONAL AIRPORT, IL US",4/24/2019,5.82,0,0,0,53,64,42,150,150,12.1,18.1,,,,,,,,
USW00094846,"CHICAGO OHARE INTERNATIONAL AIRPORT, IL US",4/25/2019,6.71,0.19,0,0,57,67,46,360,360,31.1,38,1,,,,,,1,
USW00094846,"CHICAGO OHARE INTERNATIONAL AIRPORT, IL US",4/26/2019,14.32,0.02,0,0,56,63,49,320,310,25.9,36,,,,,,,,
USW00094846,"CHICAGO OHARE INTERNATIONAL AIRPORT, IL US",4/27/2019,12.53,0.79,2.5,0,42,49,32,30,30,28,36,1,,,,,,,
USW00094846,"CHICAGO OHARE INTERNATIONAL AIRPORT, IL US",4/28/2019,9.62,0,0,0,39,52,31,60,110,17,23,,,,,,,,
USW00094846,"CHICAGO OHARE INTERNATIONAL AIRPORT, IL US",4/29/2019,8.95,1.58,0,0,45,51,43,150,160,23,32,1,,,,,,,
USW00094846,"CHICAGO OHARE INTERNATIONAL AIRPORT, IL US",4/30/2019,12.53,1.3,0,0,44,47,38,60,90,21,28,1,,1,,,,,
USW00094846,"CHICAGO OHARE INTERNATIONAL AIRPORT, IL US",5/1/2019,8.28,0.8,0,0,50,58,43,240,260,21,33.1,1,,,,,,,
USW00094846,"CHICAGO OHARE INTERNATIONAL AIRPORT, IL US",5/2/2019,10.29,0.61,0,0,44,47,41,40,30,17,21,1,1,,,,,,
USW00094846,"CHICAGO OHARE INTERNATIONAL AIRPORT, IL US",5/3/2019,11.18,0.01,0,0,47,55,40,30,20,19.9,29.1,1,,,,,,,
USW00094846,"CHICAGO OHARE INTERNATIONAL AIRPORT, IL US",5/4/2019,5.37,0,0,0,49,63,38,40,60,13,18.1,,,,,,,,
USW00094846,"CHICAGO OHARE INTERNATIONAL AIRPORT, IL US",5/5/2019,6.49,0,0,0,58,73,46,360,330,23,33.1,,,,,,,,
USW00094846,"CHICAGO OHARE INTERNATIONAL AIRPORT, IL US",5/6/2019,10.07,0.05,0,0,59,70,45,30,20,25.1,29.1,,,,,,,,
USW00094846,"CHICAGO OHARE INTERNATIONAL AIRPORT, IL US",5/7/2019,14.54,0.42,0,0,46,50,43,40,40,21.9,29.1,1,,,,,,,
USW00094846,"CHICAGO OHARE INTERNATIONAL AIRPORT, IL US",5/8/2019,12.08,0.32,0,0,50,68,46,70,70,19.9,28,1,,,,,,,
USW00094846,"CHICAGO OHARE INTERNATIONAL AIRPORT, IL US",5/9/2019,11.41,0.79,0,0,61,67,46,250,250,25.1,32,1,,,,,,,
USW00094846,"CHICAGO OHARE INTERNATIONAL AIRPORT, IL US",5/10/2019,8.5,0,0,0,50,58,44,320,300,16.1,23,,,,,,,,
USW00094846,"CHICAGO OHARE INTERNATIONAL AIRPORT, IL US",5/11/2019,8.5,0.12,0,0,48,53,44,60,70,15,21,,,,,,,,
USW00094846,"CHICAGO OHARE INTERNATIONAL AIRPORT, IL US",5/12/2019,11.41,0.05,0,0,46,52,42,40,40,18.1,25.1,,,,,,,,
USW00094846,"CHICAGO OHARE INTERNATIONAL AIRPORT, IL US",5/13/2019,7.38,0,0,0,50,61,42,30,350,15,21,,,,,,,,
USW00094846,"CHICAGO OHARE INTERNATIONAL AIRPORT, IL US",5/14/2019,4.7,0,0,0,54,71,41,110,120,15,19.9,,,,,,,,
USW00094846,"CHICAGO OHARE INTERNATIONAL AIRPORT, IL US",5/15/2019,5.14,0,0,0,62,75,50,230,250,13,17,,,,,,,,
USW00094846,"CHICAGO OHARE INTERNATIONAL AIRPORT, IL US",5/16/2019,9.62,0.44,0,0,66,77,60,240,240,25.9,36,1,,1,,1,,,
USW00094846,"CHICAGO OHARE INTERNATIONAL AIRPORT, IL US",5/17/2019,12.3,0.06,0,0,58,68,45,20,20,25.1,32,,,1,,,,,
USW00094846,"CHICAGO OHARE INTERNATIONAL AIRPORT, IL US",5/18/2019,7.61,0.41,0,0,56,80,44,130,120,19.9,25.1,1,,1,,,,,
USW00094846,"CHICAGO OHARE INTERNATIONAL AIRPORT, IL US",5/19/2019,14.54,0.07,0,0,63,74,47,250,240,29.1,42.9,1,,1,,,,,
USW00094846,"CHICAGO OHARE INTERNATIONAL AIRPORT, IL US",5/20/2019,10.51,0,0,0,53,57,45,300,290,21,28,,,,,,,,
USW00094846,"CHICAGO OHARE INTERNATIONAL AIRPORT, IL US",5/21/2019,14.99,0.33,0,0,49,54,45,110,110,28,40,1,,1,,,,,
USW00094846,"CHICAGO OHARE INTERNATIONAL AIRPORT, IL US",5/22/2019,14.76,0.59,0,0,61,82,49,110,100,30,40.9,1,,1,,,,,
USW00094846,"CHICAGO OHARE INTERNATIONAL AIRPORT, IL US",5/23/2019,11.41,0.08,0,0,70,74,61,260,260,23.9,34,1,,1,,,,,
USW00094846,"CHICAGO OHARE INTERNATIONAL AIRPORT, IL US",5/24/2019,7.61,0.26,0,0,62,75,54,340,100,18.1,23,1,,1,,,,,
USW00094846,"CHICAGO OHARE INTERNATIONAL AIRPORT, IL US",5/25/2019,11.63,0,0,0,74,81,70,260,240,23.9,38.9,,,,,,,,
USW00094846,"CHICAGO OHARE INTERNATIONAL AIRPORT, IL US",5/26/2019,5.82,0,0,0,70,74,54,30,30,15,19,,,,,,,,
USW00094846,"CHICAGO OHARE INTERNATIONAL AIRPORT, IL US",5/27/2019,7.61,1.92,0,0,61,73,53,120,100,29.1,36,1,,1,,,,,
USW00094846,"CHICAGO OHARE INTERNATIONAL AIRPORT, IL US",5/28/2019,9.4,0.63,0,0,65,70,52,10,10,38,45,1,,1,,,,,
USW00094846,"CHICAGO OHARE INTERNATIONAL AIRPORT, IL US",5/29/2019,6.49,0.07,0,0,60,75,52,340,340,23,32,1,,,,,,,
USW00094846,"CHICAGO OHARE INTERNATIONAL AIRPORT, IL US",5/30/2019,6.71,0.22,0,0,66,78,60,300,300,17,23,1,,1,,,,,
USW00094846,"CHICAGO OHARE INTERNATIONAL AIRPORT, IL US",5/31/2019,9.4,0,0,0,71,81,60,230,250,19.9,25.9,,,,,,,,
USW00094846,"CHICAGO OHARE INTERNATIONAL AIRPORT, IL US",6/1/2019,8.95,0,0,0,71,80,53,10,10,25.1,38.9,,,1,,,,,
USW00094846,"CHICAGO OHARE INTERNATIONAL AIRPORT, IL US",6/2/2019,8.72,0,0,0,60,70,51,30,360,18.1,25.1,,,,,,,,
USW00094846,"CHICAGO OHARE INTERNATIONAL AIRPORT, IL US",6/3/2019,8.05,0,0,0,58,67,49,70,30,13,18.1,,,,,,,,
USW00094846,"CHICAGO OHARE INTERNATIONAL AIRPORT, IL US",6/4/2019,10.51,0.29,0,0,64,82,56,200,230,21.9,31.1,1,,1,,,,,
USW00094846,"CHICAGO OHARE INTERNATIONAL AIRPORT, IL US",6/5/2019,9.4,0.29,0,0,74,83,59,40,290,21.9,35.1,1,,1,,,,,
USW00094846,"CHICAGO OHARE INTERNATIONAL AIRPORT, IL US",6/6/2019,6.93,0,0,0,65,75,56,40,30,12.1,16.1,1,,,,,,1,
USW00094846,"CHICAGO OHARE INTERNATIONAL AIRPORT, IL US",6/7/2019,8.95,0,0,0,66,78,55,40,50,17,25.1,,,,,,,,
USW00094846,"CHICAGO OHARE INTERNATIONAL AIRPORT, IL US",6/8/2019,9.17,0,0,0,67,76,57,60,60,17,25.1,,,,,,,,
USW00094846,"CHICAGO OHARE INTERNATIONAL AIRPORT, IL US",6/9/2019,5.82,0,0,0,69,75,63,60,60,13,17,1,,,,,,,
USW00094846,"CHICAGO OHARE INTERNATIONAL AIRPORT, IL US",6/10/2019,13.65,0,0,0,67,74,60,310,310,25.1,36.9,1,,,,,,,
USW00094846,"CHICAGO OHARE INTERNATIONAL AIRPORT, IL US",6/11/2019,8.28,0,0,0,69,82,57,180,190,15,21,,,,,,,,
USW00094846,"CHICAGO OHARE INTERNATIONAL AIRPORT, IL US",6/12/2019,10.07,0.75,0,0,67,71,52,330,200,23.9,36,1,,,,,,,
USW00094846,"CHICAGO OHARE INTERNATIONAL AIRPORT, IL US",6/13/2019,14.09,0.05,0,0,58,68,51,320,340,25.1,35.1,,,,,,,,
USW00094846,"CHICAGO OHARE INTERNATIONAL AIRPORT, IL US",6/14/2019,14.54,0.05,0,0,65,80,52,230,230,31.1,45,1,,,,,,,
USW00094846,"CHICAGO OHARE INTERNATIONAL AIRPORT, IL US",6/15/2019,8.28,0.02,0,0,67,70,54,210,210,17,25.1,1,,,,,,,
USW00094846,"CHICAGO OHARE INTERNATIONAL AIRPORT, IL US",6/16/2019,9.62,0.07,0,0,57,60,54,30,20,17,21.9,1,,,,,,,
USW00094846,"CHICAGO OHARE INTERNATIONAL AIRPORT, IL US",6/17/2019,7.61,0,0,0,59,67,55,20,40,12.1,17,1,,,,,,,
USW00094846,"CHICAGO OHARE INTERNATIONAL AIRPORT, IL US",6/18/2019,4.25,0,0,0,64,78,54,110,100,10.1,16.1,1,1,,,,,1,
USW00094846,"CHICAGO OHARE INTERNATIONAL AIRPORT, IL US",6/19/2019,9.4,0.18,0,0,67,72,56,360,10,19.9,23.9,1,,,,,,1,
USW00094846,"CHICAGO OHARE INTERNATIONAL AIRPORT, IL US",6/20/2019,9.84,0.28,0,0,60,71,54,360,350,17,23,1,,,,,,,
USW00094846,"CHICAGO OHARE INTERNATIONAL AIRPORT, IL US",6/21/2019,7.16,0,0,0,63,72,52,40,40,17,21.9,,,,,,,,
USW00094846,"CHICAGO OHARE INTERNATIONAL AIRPORT, IL US",6/22/2019,10.29,0,0,0,67,79,58,100,100,23.9,31.1,,,,,,,,
USW00094846,"CHICAGO OHARE INTERNATIONAL AIRPORT, IL US",6/23/2019,10.29,0.38,0,0,73,81,63,160,180,18.1,29.1,1,,1,,,,,
USW00094846,"CHICAGO OHARE INTERNATIONAL AIRPORT, IL US",6/24/2019,9.62,0.17,0,0,71,78,66,260,280,23.9,38,1,,1,,,,,
USW00094846,"CHICAGO OHARE INTERNATIONAL AIRPORT, IL US",6/25/2019,11.18,0.14,0,0,72,85,62,250,250,25.1,48.1,,,1,,,,,
USW00094846,"CHICAGO OHARE INTERNATIONAL AIRPORT, IL US",6/26/2019,5.82,0.15,0,0,78,89,68,40,320,14.1,19.9,,,1,,,,,
USW00094846,"CHICAGO OHARE INTERNATIONAL AIRPORT, IL US",6/27/2019,7.61,0.02,0,0,77,89,68,320,330,29.1,38,,,1,,,,,
USW00094846,"CHICAGO OHARE INTERNATIONAL AIRPORT, IL US",6/28/2019,7.61,0.01,0,0,76,90,71,10,360,21.9,29.1,,,1,,,,,
USW00094846,"CHICAGO OHARE INTERNATIONAL AIRPORT, IL US",6/29/2019,5.14,0,0,0,78,87,69,70,80,12.1,18.1,,,,,,,,
USW00094846,"CHICAGO OHARE INTERNATIONAL AIRPORT, IL US",6/30/2019,5.82,0.2,0,0,78,91,70,350,350,46.1,59.9,1,,1,,,,,
USW00094846,"CHICAGO OHARE INTERNATIONAL AIRPORT, IL US",7/1/2019,6.26,0,0,0,77,89,69,300,280,16.1,25.1,,,,,,,,
USW00094846,"CHICAGO OHARE INTERNATIONAL AIRPORT, IL US",7/2/2019,9.84,0.01,0,0,84,92,74,40,40,23,29.1,,,1,,,,,
USW00094846,"CHICAGO OHARE INTERNATIONAL AIRPORT, IL US",7/3/2019,6.71,0.41,0,0,78,86,69,230,260,14.1,19.9,1,,1,,,,,
USW00094846,"CHICAGO OHARE INTERNATIONAL AIRPORT, IL US",7/4/2019,8.28,0,0,0,78,91,70,210,230,16.1,21.9,1,,,,,,1,
USW00094846,"CHICAGO OHARE INTERNATIONAL AIRPORT, IL US",7/5/2019,6.04,0.47,0,0,81,91,73,230,250,30,42.1,,,1,,,,,
USW00094846,"CHICAGO OHARE INTERNATIONAL AIRPORT, IL US",7/6/2019,12.53,0,0,0,78,83,67,20,10,25.9,33.1,1,,,,,,,
USW00094846,"CHICAGO OHARE INTERNATIONAL AIRPORT, IL US",7/7/2019,13.87,0,0,0,70,77,64,10,20,19.9,25.1,,,,,,,,
USW00094846,"CHICAGO OHARE INTERNATIONAL AIRPORT, IL US",7/8/2019,6.71,0,0,0,71,83,60,50,40,14.1,19,,,,,,,,
USW00094846,"CHICAGO OHARE INTERNATIONAL AIRPORT, IL US",7/9/2019,7.16,0,0,0,74,88,61,180,150,14.1,25.9,,,,,,,,
USW00094846,"CHICAGO OHARE INTERNATIONAL AIRPORT, IL US",7/10/2019,10.51,0.01,0,0,83,94,75,260,280,19.9,28,,,,,,,,
USW00094846,"CHICAGO OHARE INTERNATIONAL AIRPORT, IL US",7/11/2019,8.05,0,0,0,78,82,65,20,20,16.1,21.9,,,,,,,,
USW00094846,"CHICAGO OHARE INTERNATIONAL AIRPORT, IL US",7/12/2019,6.04,0,0,0,72,87,59,220,220,15,19.9,,,,,,,,
USW00094846,"CHICAGO OHARE INTERNATIONAL AIRPORT, IL US",7/13/2019,9.62,0,0,0,82,94,72,30,240,18.1,23,,,,,,,,
USW00094846,"CHICAGO OHARE INTERNATIONAL AIRPORT, IL US",7/14/2019,6.49,0,0,0,79,91,70,80,70,15,21,,,1,,,,,
USW00094846,"CHICAGO OHARE INTERNATIONAL AIRPORT, IL US",7/15/2019,11.63,0,0,0,81,92,74,190,180,25.1,35.1,,,,,,,,
USW00094846,"CHICAGO OHARE INTERNATIONAL AIRPORT, IL US",7/16/2019,6.49,0.05,0,0,77,82,71,170,160,15,21,1,,,,,,,
USW00094846,"CHICAGO OHARE INTERNATIONAL AIRPORT, IL US",7/17/2019,5.37,0.47,0,0,80,92,74,190,180,25.9,40.9,1,,1,,,,1,
USW00094846,"CHICAGO OHARE INTERNATIONAL AIRPORT, IL US",7/18/2019,10.96,1.36,0,0,77,87,71,200,200,25.1,38.9,1,,1,,,,,
USW00094846,"CHICAGO OHARE INTERNATIONAL AIRPORT, IL US",7/19/2019,11.86,0,0,0,85,93,81,210,210,18.1,25.9,,,,,,,,
USW00094846,"CHICAGO OHARE INTERNATIONAL AIRPORT, IL US",7/20/2019,11.63,0.08,0,0,85,95,73,10,350,32,40.9,1,,1,,,,,
USW00094846,"CHICAGO OHARE INTERNATIONAL AIRPORT, IL US",7/21/2019,12.3,0.76,0,0,74,79,67,30,20,23,27.1,1,,1,,,,1,
USW00094846,"CHICAGO OHARE INTERNATIONAL AIRPORT, IL US",7/22/2019,12.75,0,0,0,70,75,62,30,30,25.1,35.1,,,,,,,,
USW00094846,"CHICAGO OHARE INTERNATIONAL AIRPORT, IL US",7/23/2019,7.61,0,0,0,70,80,62,360,320,17,23,,,,,,,,
USW00094846,"CHICAGO OHARE INTERNATIONAL AIRPORT, IL US",7/24/2019,5.14,0,0,0,71,81,62,60,60,13,18.1,,,,,,,,
USW00094846,"CHICAGO OHARE INTERNATIONAL AIRPORT, IL US",7/25/2019,4.92,0,0,0,73,85,63,170,150,12.1,16.1,,,,,,,,
USW00094846,"CHICAGO OHARE INTERNATIONAL AIRPORT, IL US",7/26/2019,9.4,0,0,0,76,85,67,170,200,17,23,,,,,,,,
USW00094846,"CHICAGO OHARE INTERNATIONAL AIRPORT, IL US",7/27/2019,13.65,0,0,0,80,89,71,230,200,23,34,,,,,,,,
USW00094846,"CHICAGO OHARE INTERNATIONAL AIRPORT, IL US",7/28/2019,11.41,0,0,0,81,89,73,220,210,21,28,,,,,,,,
USW00094846,"CHICAGO OHARE INTERNATIONAL AIRPORT, IL US",7/29/2019,8.05,0.32,0,0,77,82,70,330,310,28,36.9,1,,1,,,,,
USW00094846,"CHICAGO OHARE INTERNATIONAL AIRPORT, IL US",7/30/2019,7.83,0,0,0,73,78,65,60,40,16.1,23.9,,,,,,,,
USW00094846,"CHICAGO OHARE INTERNATIONAL AIRPORT, IL US",7/31/2019,8.95,0,0,0,69,76,59,30,40,17,29.1,,,,,,,,
USW00094846,"CHICAGO OHARE INTERNATIONAL AIRPORT, IL US",8/1/2019,6.93,0,0,0,69,80,57,30,50,14.1,19.9,,,,,,,,
USW00094846,"CHICAGO OHARE INTERNATIONAL AIRPORT, IL US",8/2/2019,5.37,0,0,0,72,83,61,80,80,13,19,,,,,,,,
USW00094846,"CHICAGO OHARE INTERNATIONAL AIRPORT, IL US",8/3/2019,3.8,0,0,0,75,89,63,10,360,12.1,14.1,,,,,,,1,
USW00094846,"CHICAGO OHARE INTERNATIONAL AIRPORT, IL US",8/4/2019,4.7,0,0,0,79,89,70,60,80,14.1,19,,,,,,,,
USW00094846,"CHICAGO OHARE INTERNATIONAL AIRPORT, IL US",8/5/2019,8.28,0,0,0,79,90,70,330,320,23,32,,,,,,,,
USW00094846,"CHICAGO OHARE INTERNATIONAL AIRPORT, IL US",8/6/2019,6.71,0.01,0,0,76,85,67,310,300,16.1,23,,,,,,,,
USW00094846,"CHICAGO OHARE INTERNATIONAL AIRPORT, IL US",8/7/2019,7.83,0,0,0,77,88,66,270,250,17,23,,,,,,,,
USW00094846,"CHICAGO OHARE INTERNATIONAL AIRPORT, IL US",8/8/2019,10.07,0.01,0,0,79,87,67,360,320,21.9,30,,,1,,,,,
USW00094846,"CHICAGO OHARE INTERNATIONAL AIRPORT, IL US",8/9/2019,5.82,0,0,0,73,83,62,290,330,14.1,21.9,,,,,,,,
USW00094846,"CHICAGO OHARE INTERNATIONAL AIRPORT, IL US",8/10/2019,5.37,0,0,0,74,86,67,110,80,15,19,,,,,,,,
USW00094846,"CHICAGO OHARE INTERNATIONAL AIRPORT, IL US",8/11/2019,7.38,0,0,0,74,82,67,190,190,15,21.9,,,,,,,,
USW00094846,"CHICAGO OHARE INTERNATIONAL AIRPORT, IL US",8/12/2019,4.92,0.5,0,0,76,84,71,90,80,14.1,18.1,1,,,,,,,
USW00094846,"CHICAGO OHARE INTERNATIONAL AIRPORT, IL US",8/13/2019,6.71,0.19,0,0,75,86,67,30,30,19.9,25.1,1,,1,,,,,
USW00094846,"CHICAGO OHARE INTERNATIONAL AIRPORT, IL US",8/14/2019,7.16,0,0,0,72,83,66,20,20,19.9,25.9,,,,,,,,
USW00094846,"CHICAGO OHARE INTERNATIONAL AIRPORT, IL US",8/15/2019,7.83,0,0,0,70,79,63,50,40,17,23,,,,,,,,
USW00094846,"CHICAGO OHARE INTERNATIONAL AIRPORT, IL US",8/16/2019,7.61,0,0,0,72,84,64,230,170,17,25.9,,,,,,,,
USW00094846,"CHICAGO OHARE INTERNATIONAL AIRPORT, IL US",8/17/2019,4.92,0.18,0,0,73,77,67,100,190,12.1,15,1,,1,,,,1,
USW00094846,"CHICAGO OHARE INTERNATIONAL AIRPORT, IL US",8/18/2019,7.83,0.86,0,0,74,82,68,230,230,21.9,35.1,1,,1,,,,,
USW00094846,"CHICAGO OHARE INTERNATIONAL AIRPORT, IL US",8/19/2019,4.7,0,0,0,76,85,68,50,50,13,17,,,,,,,,
USW00094846,"CHICAGO OHARE INTERNATIONAL AIRPORT, IL US",8/20/2019,3.8,0.35,0,0,74,76,68,70,260,17,27.1,1,,1,,,,,
USW00094846,"CHICAGO OHARE INTERNATIONAL AIRPORT, IL US",8/21/2019,6.26,0.02,0,0,73,83,65,260,270,16.1,23,,,1,,,,,
USW00094846,"CHICAGO OHARE INTERNATIONAL AIRPORT, IL US",8/22/2019,10.51,0,0,0,71,76,64,30,30,19.9,25.9,,,,,,,,
USW00094846,"CHICAGO OHARE INTERNATIONAL AIRPORT, IL US",8/23/2019,10.29,0,0,0,68,74,58,30,30,18.1,30,,,,,,,,
USW00094846,"CHICAGO OHARE INTERNATIONAL AIRPORT, IL US",8/24/2019,8.05,0,0,0,67,75,60,60,90,17,23,,,,,,,,
USW00094846,"CHICAGO OHARE INTERNATIONAL AIRPORT, IL US",8/25/2019,10.29,0,0,0,69,78,61,100,100,18.1,25.1,,,,,,,,
USW00094846,"CHICAGO OHARE INTERNATIONAL AIRPORT, IL US",8/26/2019,9.62,1.4,0,0,70,76,64,150,170,19.9,28,1,,1,,,,,
USW00094846,"CHICAGO OHARE INTERNATIONAL AIRPORT, IL US",8/27/2019,9.84,0,0,0,72,79,65,260,240,17,25.9,,,,,,,,
USW00094846,"CHICAGO OHARE INTERNATIONAL AIRPORT, IL US",8/28/2019,11.63,0,0,0,68,75,59,270,250,23.9,38,,,,,,,,
USW00094846,"CHICAGO OHARE INTERNATIONAL AIRPORT, IL US",8/29/2019,12.75,0,0,0,70,84,58,230,250,25.1,40,,,,,,,,
USW00094846,"CHICAGO OHARE INTERNATIONAL AIRPORT, IL US",8/30/2019,5.82,0,0,0,70,74,59,40,30,13,15,,,,,,,,
USW00094846,"CHICAGO OHARE INTERNATIONAL AIRPORT, IL US",8/31/2019,9.4,0.11,0,0,67,75,61,110,90,18.1,23,1,,,,,,,
USW00094846,"CHICAGO OHARE INTERNATIONAL AIRPORT, IL US",9/1/2019,4.47,0.34,0,0,67,73,62,90,90,14.1,17,1,,,,,,,
USW00094846,"CHICAGO OHARE INTERNATIONAL AIRPORT, IL US",9/2/2019,6.49,0,0,0,70,82,61,230,250,13,19.9,1,,,,,,,
USW00094846,"CHICAGO OHARE INTERNATIONAL AIRPORT, IL US",9/3/2019,12.3,0.22,0,0,72,80,67,160,180,30,40.9,1,,1,,,,,
USW00094846,"CHICAGO OHARE INTERNATIONAL AIRPORT, IL US",9/4/2019,8.95,0,0,0,68,69,59,30,50,15,19,,,,,,,,
USW00094846,"CHICAGO OHARE INTERNATIONAL AIRPORT, IL US",9/5/2019,4.92,0,0,0,64,74,56,100,80,14.1,17,,,,,,,,
USW00094846,"CHICAGO OHARE INTERNATIONAL AIRPORT, IL US",9/6/2019,11.18,0,0,0,67,72,61,350,330,17,23,,,,,,,,
USW00094846,"CHICAGO OHARE INTERNATIONAL AIRPORT, IL US",9/7/2019,8.28,0,0,0,66,78,56,300,280,17,23.9,,,,,,,,
USW00094846,"CHICAGO OHARE INTERNATIONAL AIRPORT, IL US",9/8/2019,8.28,0.03,0,0,65,66,62,80,60,14.1,19,,,,,,,,
USW00094846,"CHICAGO OHARE INTERNATIONAL AIRPORT, IL US",9/9/2019,7.61,0.02,0,0,67,76,62,150,150,16.1,23,,,,,,,,
USW00094846,"CHICAGO OHARE INTERNATIONAL AIRPORT, IL US",9/10/2019,9.4,0,0,0,78,90,71,200,200,21.9,34,,,,,,,,
USW00094846,"CHICAGO OHARE INTERNATIONAL AIRPORT, IL US",9/11/2019,9.17,0.19,0,0,80,89,68,330,330,25.9,36,1,,1,,,,,
USW00094846,"CHICAGO OHARE INTERNATIONAL AIRPORT, IL US",9/12/2019,8.05,0.28,0,0,72,78,63,330,70,15,19.9,1,1,1,,,,,
USW00094846,"CHICAGO OHARE INTERNATIONAL AIRPORT, IL US",9/13/2019,11.86,1.35,0,0,73,77,62,260,280,25.9,40,1,,1,,,,,
USW00094846,"CHICAGO OHARE INTERNATIONAL AIRPORT, IL US",9/14/2019,7.61,0.06,0,0,67,80,56,190,190,19.9,31.1,,,1,,,,,
USW00094846,"CHICAGO OHARE INTERNATIONAL AIRPORT, IL US",9/15/2019,8.05,0.43,0,0,71,78,63,200,210,18.1,25.9,1,,1,,,,,
USW00094846,"CHICAGO OHARE INTERNATIONAL AIRPORT, IL US",9/16/2019,7.83,0,0,0,71,74,64,10,30,14.1,19,1,,,,,,1,
USW00094846,"CHICAGO OHARE INTERNATIONAL AIRPORT, IL US",9/17/2019,6.04,0,0,0,69,78,65,100,70,13,17,1,,,,,,,
USW00094846,"CHICAGO OHARE INTERNATIONAL AIRPORT, IL US",9/18/2019,7.38,0,0,0,71,82,62,150,160,14.1,19,,,,,,,,
USW00094846,"CHICAGO OHARE INTERNATIONAL AIRPORT, IL US",9/19/2019,5.59,0.01,0,0,72,83,63,110,110,14.1,18.1,,,,,,,,
USW00094846,"CHICAGO OHARE INTERNATIONAL AIRPORT, IL US",9/20/2019,3.8,0,0,0,74,84,68,210,210,12.1,15,,,,,,,,
USW00094846,"CHICAGO OHARE INTERNATIONAL AIRPORT, IL US",9/21/2019,12.08,0.17,0,0,75,78,71,200,180,25.1,38,1,,,,,,,
USW00094846,"CHICAGO OHARE INTERNATIONAL AIRPORT, IL US",9/22/2019,10.07,1.47,0,0,72,77,66,210,210,23,33.1,1,,,,,,,
USW00094846,"CHICAGO OHARE INTERNATIONAL AIRPORT, IL US",9/23/2019,8.95,0,0,0,67,74,59,300,270,19.9,29.1,,,,,,,,
USW00094846,"CHICAGO OHARE INTERNATIONAL AIRPORT, IL US",9/24/2019,12.08,0,0,0,67,79,58,210,210,21,32,,,,,,,,
USW00094846,"CHICAGO OHARE INTERNATIONAL AIRPORT, IL US",9/25/2019,12.75,0,0,0,70,79,62,230,220,21,32,,,,,,,,
USW00094846,"CHICAGO OHARE INTERNATIONAL AIRPORT, IL US",9/26/2019,8.95,0,0,0,65,72,56,280,280,18.1,25.9,,,,,,,,
USW00094846,"CHICAGO OHARE INTERNATIONAL AIRPORT, IL US",9/27/2019,10.51,2.28,0,0,63,69,58,190,170,23,35.1,1,,1,,,,,
USW00094846,"CHICAGO OHARE INTERNATIONAL AIRPORT, IL US",9/28/2019,13.65,0.19,0,0,61,66,53,30,30,23,29.1,1,,1,,,,,
USW00094846,"CHICAGO OHARE INTERNATIONAL AIRPORT, IL US",9/29/2019,7.61,0.57,0,0,61,66,60,100,90,17,23,1,,,,,,,
USW00094846,"CHICAGO OHARE INTERNATIONAL AIRPORT, IL US",9/30/2019,8.72,0,0,0,71,85,63,200,200,17,25.1,1,1,,,,,,
USW00094846,"CHICAGO OHARE INTERNATIONAL AIRPORT, IL US",10/1/2019,10.07,0,0,0,79,86,68,10,360,23,33.1,,,,,,,,
USW00094846,"CHICAGO OHARE INTERNATIONAL AIRPORT, IL US",10/2/2019,10.51,1.76,0,0,66,68,57,20,30,18.1,25.1,1,,1,,,,,
USW00094846,"CHICAGO OHARE INTERNATIONAL AIRPORT, IL US",10/3/2019,10.29,0.57,0,0,61,67,49,300,270,19.9,28,1,,1,,,,,
USW00094846,"CHICAGO OHARE INTERNATIONAL AIRPORT, IL US",10/4/2019,10.96,0,0,0,52,58,45,20,20,21,25.1,,,,,,,,
USW00094846,"CHICAGO OHARE INTERNATIONAL AIRPORT, IL US",10/5/2019,9.4,0.27,0,0,55,63,48,160,170,19.9,28,1,,,,,,,
USW00094846,"CHICAGO OHARE INTERNATIONAL AIRPORT, IL US",10/6/2019,9.62,0,0,0,59,67,49,270,290,17,23.9,,,,,,,,
USW00094846,"CHICAGO OHARE INTERNATIONAL AIRPORT, IL US",10/7/2019,7.38,0,0,0,59,69,48,290,270,16.1,25.1,,,,,,,,
USW00094846,"CHICAGO OHARE INTERNATIONAL AIRPORT, IL US",10/8/2019,4.25,0,0,0,57,70,46,180,230,12.1,16.1,,,,,,,1,
USW00094846,"CHICAGO OHARE INTERNATIONAL AIRPORT, IL US",10/9/2019,7.83,0,0,0,60,70,50,90,80,15,19.9,,,,,,,,
USW00094846,"CHICAGO OHARE INTERNATIONAL AIRPORT, IL US",10/10/2019,8.72,0.19,0,0,62,70,54,150,160,19.9,29.1,1,,,,,,,
USW00094846,"CHICAGO OHARE INTERNATIONAL AIRPORT, IL US",10/11/2019,12.3,0.59,0,0,60,67,39,250,250,21.9,32,1,,1,,,,,
USW00094846,"CHICAGO OHARE INTERNATIONAL AIRPORT, IL US",10/12/2019,13.87,0,0,0,43,54,35,210,230,28,38.9,,,,,,,1,
USW00094846,"CHICAGO OHARE INTERNATIONAL AIRPORT, IL US",10/13/2019,10.51,0,0,0,45,52,37,250,240,25.9,36.9,,,,,,,,
USW00094846,"CHICAGO OHARE INTERNATIONAL AIRPORT, IL US",10/14/2019,6.93,0,0,0,45,54,37,250,270,15,21.9,,,,,,,,
USW00094846,"CHICAGO OHARE INTERNATIONAL AIRPORT, IL US",10/15/2019,10.51,0,0,0,50,62,41,300,300,28,42.9,1,,,,,,,
USW00094846,"CHICAGO OHARE INTERNATIONAL AIRPORT, IL US",10/16/2019,14.09,0,0,0,49,52,41,320,320,29.1,40,,,,,,,,
USW00094846,"CHICAGO OHARE INTERNATIONAL AIRPORT, IL US",10/17/2019,5.59,0,0,0,46,54,40,350,350,13,17,,,,,,,,
USW00094846,"CHICAGO OHARE INTERNATIONAL AIRPORT, IL US",10/18/2019,6.93,0,0,0,47,59,38,160,180,16.1,19.9,,,,,,,,
USW00094846,"CHICAGO OHARE INTERNATIONAL AIRPORT, IL US",10/19/2019,7.83,0,0,0,53,68,44,200,210,16.1,23,,,,,,,,
USW00094846,"CHICAGO OHARE INTERNATIONAL AIRPORT, IL US",10/20/2019,7.38,0,0,0,56,63,48,300,290,13,17,1,,,,,,,
USW00094846,"CHICAGO OHARE INTERNATIONAL AIRPORT, IL US",10/21/2019,15.66,0.05,0,0,56,67,50,210,230,32,53.9,1,1,,,,,,
USW00094846,"CHICAGO OHARE INTERNATIONAL AIRPORT, IL US",10/22/2019,17.22,0.01,0,0,50,51,44,240,240,29.1,45,,,,,,,,
USW00094846,"CHICAGO OHARE INTERNATIONAL AIRPORT, IL US",10/23/2019,8.72,0.02,0,0,47,58,39,350,360,19.9,25.9,,,,,,,,
USW00094846,"CHICAGO OHARE INTERNATIONAL AIRPORT, IL US",10/24/2019,6.26,0,0,0,47,50,42,350,360,14.1,18.1,,,,,,,,
USW00094846,"CHICAGO OHARE INTERNATIONAL AIRPORT, IL US",10/25/2019,3.8,0,0,0,44,48,37,240,300,8.9,14.1,,,,,,,,
USW00094846,"CHICAGO OHARE INTERNATIONAL AIRPORT, IL US",10/26/2019,12.53,2.18,0,0,42,48,36,20,20,28,36.9,1,,,,,,1,
USW00094846,"CHICAGO OHARE INTERNATIONAL AIRPORT, IL US",10/27/2019,9.62,0.04,0,0,49,58,42,310,290,21.9,35.1,1,,,,,,,
USW00094846,"CHICAGO OHARE INTERNATIONAL AIRPORT, IL US",10/28/2019,3.8,0,0,0,47,49,41,90,100,12.1,15,1,,,,,,,
USW00094846,"CHICAGO OHARE INTERNATIONAL AIRPORT, IL US",10/29/2019,8.28,0.15,0,0,40,45,35,350,340,23.9,31.1,1,,,,,,,
USW00094846,"CHICAGO OHARE INTERNATIONAL AIRPORT, IL US",10/30/2019,12.3,0.62,1.2,1.2,36,41,32,10,20,23,29.1,1,,,,,,,
USW00094846,"CHICAGO OHARE INTERNATIONAL AIRPORT, IL US",10/31/2019,14.99,0.31,3.4,0,33,33,25,310,310,25.1,34,1,,,1,,,,
USW00094846,"CHICAGO OHARE INTERNATIONAL AIRPORT, IL US",11/1/2019,9.62,0.01,0,2,31,44,23,200,280,19.9,29.1,1,,,,,,,
USW00094846,"CHICAGO OHARE INTERNATIONAL AIRPORT, IL US",11/2/2019,10.51,0,0,0,38,42,31,260,250,21.9,36,1,,,,,,,
USW00094846,"CHICAGO OHARE INTERNATIONAL AIRPORT, IL US",11/3/2019,7.83,0,0,0,39,53,30,190,180,23,31.1,,,,,,,,
USW00094846,"CHICAGO OHARE INTERNATIONAL AIRPORT, IL US",11/4/2019,10.74,0,0,0,48,51,38,260,260,19.9,27.1,,,,,,,,
USW00094846,"CHICAGO OHARE INTERNATIONAL AIRPORT, IL US",11/5/2019,7.61,0,0,0,38,40,30,280,240,19.9,30,,,,,,,,
USW00094846,"CHICAGO OHARE INTERNATIONAL AIRPORT, IL US",11/6/2019,11.41,0.01,0,0,39,55,29,210,200,23.9,36,1,,,1,,1,,
USW00094846,"CHICAGO OHARE INTERNATIONAL AIRPORT, IL US",11/7/2019,11.18,0,0.1,0,28,31,20,350,330,19.9,27.1,1,,,,,,,
USW00094846,"CHICAGO OHARE INTERNATIONAL AIRPORT, IL US",11/8/2019,7.16,0,0,0,23,32,16,210,210,14.1,19,,,,,,,1,
USW00094846,"CHICAGO OHARE INTERNATIONAL AIRPORT, IL US",11/9/2019,10.29,0,0,0,34,46,27,210,190,18.1,25.9,,,,,,,,
USW00094846,"CHICAGO OHARE INTERNATIONAL AIRPORT, IL US",11/10/2019,8.5,0.04,0,0,41,43,33,360,360,16.1,19,1,,,,,,,
USW00094846,"CHICAGO OHARE INTERNATIONAL AIRPORT, IL US",11/11/2019,16.78,0.25,3.4,2,28,33,13,350,350,25.9,33.1,1,,,,,,,1
USW00094846,"CHICAGO OHARE INTERNATIONAL AIRPORT, IL US",11/12/2019,9.4,0,0,3.1,13,17,7,310,300,21,29.1,,,,,,,,
USW00094846,"CHICAGO OHARE INTERNATIONAL AIRPORT, IL US",11/13/2019,11.63,0,0,2,16,27,11,180,180,21,31.1,,,,,,,,
USW00094846,"CHICAGO OHARE INTERNATIONAL AIRPORT, IL US",11/14/2019,7.16,0.01,0.2,2,27,30,24,250,280,14.1,19.9,1,,,,,,,
USW00094846,"CHICAGO OHARE INTERNATIONAL AIRPORT, IL US",11/15/2019,6.04,0,0,2,27,38,22,250,260,12.1,16.1,,,,,,,,
USW00094846,"CHICAGO OHARE INTERNATIONAL AIRPORT, IL US",11/16/2019,5.37,0,0,1.2,33,42,26,130,120,13,16.1,1,,,,,,1,
USW00094846,"CHICAGO OHARE INTERNATIONAL AIRPORT, IL US",11/17/2019,6.49,0.04,0,0,33,40,27,200,200,12.1,16.1,1,,,,,,,
USW00094846,"CHICAGO OHARE INTERNATIONAL AIRPORT, IL US",11/18/2019,5.14,0,0,0,37,40,34,310,300,10.1,14.1,1,,,,,,,
USW00094846,"CHICAGO OHARE INTERNATIONAL AIRPORT, IL US",11/19/2019,2.91,0.01,0,0,37,41,35,250,220,8.1,11,1,,,,,,1,
USW00094846,"CHICAGO OHARE INTERNATIONAL AIRPORT, IL US",11/20/2019,6.49,0,0,0,41,47,38,170,170,17,23.9,1,,,,,,1,
USW00094846,"CHICAGO OHARE INTERNATIONAL AIRPORT, IL US",11/21/2019,14.76,0.51,0,0,47,54,37,250,250,29.1,49,1,,,,,,,
USW00094846,"CHICAGO OHARE INTERNATIONAL AIRPORT, IL US",11/22/2019,6.71,0,0,0,36,38,28,10,320,17,23,,,,,,,,
USW00094846,"CHICAGO OHARE INTERNATIONAL AIRPORT, IL US",11/23/2019,6.26,0,0,0,31,40,24,240,240,12.1,18.1,,,,,,,,
USW00094846,"CHICAGO OHARE INTERNATIONAL AIRPORT, IL US",11/24/2019,9.4,0,0,0,38,50,32,230,270,16.1,23.9,,,,,,,,
USW00094846,"CHICAGO OHARE INTERNATIONAL AIRPORT, IL US",11/25/2019,7.16,0,0,0,44,53,37,220,220,14.1,19.9,,,,,,,,
USW00094846,"CHICAGO OHARE INTERNATIONAL AIRPORT, IL US",11/26/2019,7.61,0.37,0,0,41,50,32,50,50,16.1,21,1,,1,,,,,
USW00094846,"CHICAGO OHARE INTERNATIONAL AIRPORT, IL US",11/27/2019,21.03,0.25,0,0,44,55,33,260,240,38,59.9,1,,,,,,,
USW00094846,"CHICAGO OHARE INTERNATIONAL AIRPORT, IL US",11/28/2019,8.28,0,0,0,34,37,31,320,300,21,28,1,,,,,,,
USW00094846,"CHICAGO OHARE INTERNATIONAL AIRPORT, IL US",11/29/2019,6.49,0,0,0,36,40,33,120,120,17,21.9,1,,,,,,,
USW00094846,"CHICAGO OHARE INTERNATIONAL AIRPORT, IL US",11/30/2019,13.2,0.37,0,0,37,40,36,110,120,28,36.9,1,,1,,,,,
USW00094846,"CHICAGO OHARE INTERNATIONAL AIRPORT, IL US",12/1/2019,10.07,0.11,0.1,0,39,41,31,340,330,19.9,28,1,,,,,,,
USW00094846,"CHICAGO OHARE INTERNATIONAL AIRPORT, IL US",12/2/2019,10.29,0,0,0,32,35,29,340,320,21,29.1,,,,,,,,
USW00094846,"CHICAGO OHARE INTERNATIONAL AIRPORT, IL US",12/3/2019,11.86,0,0,0,32,40,29,240,220,18.1,25.9,,,,,,,,
USW00094846,"CHICAGO OHARE INTERNATIONAL AIRPORT, IL US",12/4/2019,12.08,0,0,0,37,43,31,300,300,25.1,38,,,,,,,,
USW00094846,"CHICAGO OHARE INTERNATIONAL AIRPORT, IL US",12/5/2019,6.71,0,0,0,36,45,27,180,210,13,18.1,,,,,,,,
USW00094846,"CHICAGO OHARE INTERNATIONAL AIRPORT, IL US",12/6/2019,9.84,0,0,0,38,42,27,360,350,25.9,35.1,,,,,,,,
USW00094846,"CHICAGO OHARE INTERNATIONAL AIRPORT, IL US",12/7/2019,8.28,0,0,0,31,37,25,200,200,16.1,21.9,,,,,,,,
USW00094846,"CHICAGO OHARE INTERNATIONAL AIRPORT, IL US",12/8/2019,10.29,0,0,0,38,47,34,200,200,19.9,28,1,,,,,,1,
USW00094846,"CHICAGO OHARE INTERNATIONAL AIRPORT, IL US",12/9/2019,12.97,0.05,0,0,46,47,24,270,280,28,44.1,1,,,,,,,
USW00094846,"CHICAGO OHARE INTERNATIONAL AIRPORT, IL US",12/10/2019,11.86,0,0,0,22,24,14,260,260,21.9,31.1,,,,,,,,
USW00094846,"CHICAGO OHARE INTERNATIONAL AIRPORT, IL US",12/11/2019,7.38,0,0.1,0,18,24,13,250,260,19.9,29.1,1,,,,,,,
USW00094846,"CHICAGO OHARE INTERNATIONAL AIRPORT, IL US",12/12/2019,12.3,0,0,0,28,45,19,190,190,23.9,35.1,,,,,,,,
USW00094846,"CHICAGO OHARE INTERNATIONAL AIRPORT, IL US",12/13/2019,4.92,0,0,0,40,45,34,200,200,13,19,,,,,,,,
USW00094846,"CHICAGO OHARE INTERNATIONAL AIRPORT, IL US",12/14/2019,9.4,0,0,0,33,35,24,300,280,19.9,29.1,1,,,,,,,
USW00094846,"CHICAGO OHARE INTERNATIONAL AIRPORT, IL US",12/15/2019,6.04,0,0,0,24,26,19,310,310,16.1,21,1,,,,,,,
USW00094846,"CHICAGO OHARE INTERNATIONAL AIRPORT, IL US",12/16/2019,6.71,0.01,0.3,0,26,30,24,350,350,14.1,17,1,,,,,,,
USW00094846,"CHICAGO OHARE INTERNATIONAL AIRPORT, IL US",12/17/2019,10.74,0,0,0,25,29,19,270,280,21,28,,,,,,,1,
USW00094846,"CHICAGO OHARE INTERNATIONAL AIRPORT, IL US",12/18/2019,8.72,0,0,0,20,27,10,330,330,17,25.1,,,,,,,,
USW00094846,"CHICAGO OHARE INTERNATIONAL AIRPORT, IL US",12/19/2019,8.5,0,0,0,23,35,15,220,220,19.9,28,1,,,,,,,
USW00094846,"CHICAGO OHARE INTERNATIONAL AIRPORT, IL US",12/20/2019,5.59,0,0,0,30,41,23,180,180,13,17,1,,,,,,1,
USW00094846,"CHICAGO OHARE INTERNATIONAL AIRPORT, IL US",12/21/2019,7.61,0,0,0,38,47,32,220,220,15,19.9,,,,,,,,
USW00094846,"CHICAGO OHARE INTERNATIONAL AIRPORT, IL US",12/22/2019,10.07,0,0,0,40,52,33,220,200,16.1,23,,,,,,,,
USW00094846,"CHICAGO OHARE INTERNATIONAL AIRPORT, IL US",12/23/2019,7.61,0,0,0,42,52,33,250,240,15,21.9,1,,,,,,,
USW00094846,"CHICAGO OHARE INTERNATIONAL AIRPORT, IL US",12/24/2019,8.05,0,0,0,40,55,30,170,170,17,23.9,1,1,,,,,1,
USW00094846,"CHICAGO OHARE INTERNATIONAL AIRPORT, IL US",12/25/2019,8.72,0,0,0,47,57,37,220,210,17,25.9,,,,,,,,
USW00094846,"CHICAGO OHARE INTERNATIONAL AIRPORT, IL US",12/26/2019,11.18,0,0,0,56,61,37,220,210,18.1,30,,,,,,,,
USW00094846,"CHICAGO OHARE INTERNATIONAL AIRPORT, IL US",12/27/2019,7.16,0,0,0,37,37,28,260,250,17,23.9,1,,,,,,,
USW00094846,"CHICAGO OHARE INTERNATIONAL AIRPORT, IL US",12/28/2019,6.93,0.28,0,0,34,48,27,130,110,14.1,17,1,,1,,,,1,
USW00094846,"CHICAGO OHARE INTERNATIONAL AIRPORT, IL US",12/29/2019,10.96,0.93,0,0,52,57,47,100,190,21.9,31.1,1,,,,,,,
USW00094846,"CHICAGO OHARE INTERNATIONAL AIRPORT, IL US",12/30/2019,17.67,0.09,0.7,0,38,47,27,240,240,30,45,1,,,,,,,
USW00094846,"CHICAGO OHARE INTERNATIONAL AIRPORT, IL US",12/31/2019,14.54,0.08,0.8,2,26,28,24,250,240,30,42.9,1,,,,,,,
